<?xml version="1.0" encoding="UTF-8"?>
<beans xmlns="http://www.springframework.org/schema/beans"
	xmlns:xsi="http://www.w3.org/2001/XMLSchema-instance"
	xsi:schemaLocation="http://www.springframework.org/schema/beans 
	                    http://www.springframework.org/schema/beans/spring-beans-4.3.xsd">
	 
	<bean id="dataSource" class="com.mchange.v2.c3p0.ComboPooledDataSource" destroy-method="close">
		<property name="user" value="${database.username}" />
		<property name="password" value="${database.password}" />
		<property name="driverClass" value="${database.driver}" />
		<property name="jdbcUrl" value="${database.url}" />
		<property name="maxPoolSize" value="20" />
		<property name="minPoolSize" value="5" />
	</bean>

<!-- 	<bean id="dataSource" class="org.springframework.jndi.JndiObjectFactoryBean"> -->
<!-- 		<property name="jndiName" value="java:comp/env/${jdbc.jndi}" /> -->
<!--   		<property name="jndiName" value="java:jboss/datasources/${jdbc.jndi}" /> -->
<!--   		<property name="resourceRef" value="true" />  -->
<!-- 	</bean> -->
	
</beans>