<?xml version="1.0" encoding="UTF-8"?>
<!DOCTYPE log4j:configuration SYSTEM "log4j.dtd" >
<log4j:configuration
	xmlns:log4j="http://jakarta.apache.org/log4j/">

	<appender name="consola"
		class="org.apache.log4j.ConsoleAppender">
		<param name="Threshold" value="DEBUG" />
		<layout class="org.apache.log4j.PatternLayout">
			<param name="ConversionPattern"
				value="[%d{ISO8601}]%5p %C.%M(%F:%L) - %m%n" />
		</layout>
	</appender>

	<!-- org.apache.log4j.RollingFileAppender -->
	<appender name="archivo"
		class="org.apache.log4j.DailyRollingFileAppender">
		<param name="Append" value="true" />
		<param name="File"
			value="/log/swrWSRESTfulJersey2Spring2Validation.log" />
		<layout class="org.apache.log4j.PatternLayout">
			<param name="ConversionPattern"
				value="[%d{ISO8601}]%5p %C.%M(%F:%L) - %m%n" />
		</layout>
	</appender>

	<logger name="org.springframework" additivity="false">
		<level value="INFO" />
		<appender-ref ref="consola" />
		<appender-ref ref="archivo" />
	</logger>
	
	<logger name="org.hibernate" additivity="false">
		<level value="INFO" />
		<appender-ref ref="consola" />
		<appender-ref ref="archivo" />
	</logger>

	<logger name="pe.edu.galaxy.training.ajw" additivity="false">
		<level value="INFO" />
		<appender-ref ref="consola" />
		<appender-ref ref="archivo" />
	</logger>

</log4j:configuration>