<?xml version="1.0" encoding="UTF-8"?>
<beans xmlns="http://www.springframework.org/schema/beans"
	xmlns:xsi="http://www.w3.org/2001/XMLSchema-instance" 
	xmlns:tx="http://www.springframework.org/schema/tx"
	xmlns:aop="http://www.springframework.org/schema/aop"
	xsi:schemaLocation="http://www.springframework.org/schema/beans
                        http://www.springframework.org/schema/beans/spring-beans-4.3.xsd
                        http://www.springframework.org/schema/tx 
                        http://www.springframework.org/schema/tx/spring-tx-4.3.xsd
                        http://www.springframework.org/schema/aop 
                        http://www.springframework.org/schema/aop/spring-aop-4.3.xsd">
           
    <aop:aspectj-autoproxy proxy-target-class="true"/>
	
	<tx:advice id="txAdvice" transaction-manager="transactionManager">
		<tx:attributes>
			<tx:method name="buscar*"    read-only="true"  propagation="REQUIRED"/>
			<tx:method name="registrar*" read-only="false" propagation="REQUIRED" isolation="DEFAULT" rollback-for="Throwable" />
			<tx:method name="modificar*" read-only="false" propagation="REQUIRED" isolation="DEFAULT" rollback-for="Throwable" />
			<tx:method name="eliminar*"  read-only="false" propagation="REQUIRED" isolation="DEFAULT" rollback-for="Throwable" />
		</tx:attributes> 
	</tx:advice>
	
	<aop:config>
		<aop:pointcut id="serviceOperation" expression="execution(* pe.*.*.*.*.service.*Service*.*(..))"/>
		<aop:advisor pointcut-ref="serviceOperation" advice-ref="txAdvice"/>
	</aop:config>

</beans>
