<?xml version="1.0" encoding="UTF-8"?>   
<beans xmlns="http://www.springframework.org/schema/beans"
	xmlns:xsi="http://www.w3.org/2001/XMLSchema-instance" 
	xmlns:context="http://www.springframework.org/schema/context"
	xmlns:jpa="http://www.springframework.org/schema/data/jpa"
	xsi:schemaLocation="http://www.springframework.org/schema/beans
                        http://www.springframework.org/schema/beans/spring-beans-4.3.xsd
                        http://www.springframework.org/schema/context
                        http://www.springframework.org/schema/context/spring-context-4.3.xsd
                        http://www.springframework.org/schema/data/jpa
     					http://www.springframework.org/schema/data/jpa/spring-jpa-1.8.xsd">

	<context:component-scan base-package="pe.*">
<!-- 		<context:exclude-filter type="aspectj" expression="pe..*ManagedBean*"/> -->
	</context:component-scan>
	
	<jpa:repositories base-package="pe.edu.galaxy.training.swr.repository"/>

	<context:property-placeholder location="classpath:/aplicacion.properties" />
	
	<bean id="messageSource" class="org.springframework.context.support.ResourceBundleMessageSource">
<!-- 		<property name="basename"> -->
<!-- 	        <value>messages</value> -->
<!-- 	    </property> -->
<!--     	<property name="basenames" value="classpath:messages"/> -->
    	<property name="basename" value="ValidationMessages" />
	</bean>
	
	<import resource="DispatcherServlet-servlet.xml" />
	
	<import resource="securityContext.xml" />

	<import resource="dataSourceContext.xml" />

	<import resource="JpaContext.xml" />

	<import resource="transactionContext.xml" />

</beans>