<?xml version="1.0" encoding="UTF-8"?>
<beans xmlns="http://www.springframework.org/schema/beans"
	xmlns:xsi="http://www.w3.org/2001/XMLSchema-instance"
	xmlns:security="http://www.springframework.org/schema/security"
	xsi:schemaLocation="http://www.springframework.org/schema/beans 
	                    http://www.springframework.org/schema/beans/spring-beans-4.3.xsd
	                    http://www.springframework.org/schema/security
						http://www.springframework.org/schema/security/spring-security-4.2.xsd">

	<security:global-method-security pre-post-annotations="enabled" />

	<security:http create-session="stateless" >
<!-- 	    <security:intercept-url pattern="/api/v1/productos/**" access="isAuthenticated()" /> -->
	    	<security:intercept-url pattern="/api/v1/productos/**" access="hasRole('ROLE_USER')"  />
<!-- 	    <security:intercept-url pattern="/api/v1/productos/**" access="hasRole('ROLE_ADMIN')"  /> -->
<!-- 	    <security:intercept-url pattern="/api/v1/productos/**" access="permitAll" /> -->
<!-- 		<security:intercept-url pattern="/api/v1/productos/{id}" access="hasRole('ROLE_ADMIN')"/> -->
<!--     <security:intercept-url pattern="/api/v1/productos/{id}" access="hasAnyRole('ADMIN','USER')"/> -->
	    <security:http-basic entry-point-ref="restAuthenticationEntryPoint" />
	    <security:access-denied-handler ref="restAccessDeniedHandler" />
	    <!-- Cross-site request forgery -->
	    <security:csrf disabled="true" />
	</security:http>

	<security:authentication-manager>
	
		<security:authentication-provider>
		
			<security:user-service>
				<security:user name="admin" password="{noop}admin" authorities="ROLE_USER" />
			</security:user-service>
			
<!-- 			<security:user-service> -->
<!-- 				<security:user name="admin" password="$2a$10$SnR8R/jiEWmtkjlZ6/mLEeoG4UKD2UI.Ak5r/.rqilg1.zZsnuBGm" authorities="ROLE_USER" /> -->
<!-- 			</security:user-service> -->
<!-- 			<security:password-encoder hash="bcrypt" /> -->
		
<!-- 			<security:user-service properties="classpath:/users.properties" /> -->
<!-- 			<security:password-encoder hash="bcrypt" /> -->

		</security:authentication-provider>
		
<!-- 		<security:authentication-provider user-service-ref="usuarioService"> -->
<!-- 			<security:password-encoder hash="bcrypt" /> -->
<!-- 		</security:authentication-provider> -->

	</security:authentication-manager>

</beans>