<?xml version="1.0" encoding="UTF-8"?>
<beans xmlns="http://www.springframework.org/schema/beans"
	xmlns:xsi="http://www.w3.org/2001/XMLSchema-instance"
	xmlns:security="http://www.springframework.org/schema/security"
	xsi:schemaLocation="http://www.springframework.org/schema/beans 
	                    http://www.springframework.org/schema/beans/spring-beans-4.3.xsd
	                    http://www.springframework.org/schema/security
						http://www.springframework.org/schema/security/spring-security-4.2.xsd">

<!-- 	<security:global-method-security pre-post-annotations="enabled" /> -->
    
    <security:http pattern="/api/v1/login" security="none" />
    
    <security:http create-session="stateless" >
<!-- 	    <security:intercept-url pattern="/api/v1/login" access="permitAll" /> -->
	    <security:intercept-url pattern="/api/v1/productos/**" access="isAuthenticated()"  />
<!-- 	    <security:intercept-url pattern="/api/v1/productos/**" access="hasRole('ROLE_USER')"  /> -->
<!-- 	    <security:intercept-url pattern="/api/v1/productos/**" access="hasRole('ROLE_ADMIN')"  /> -->
<!--     <security:intercept-url pattern="/api/v1/productos/**" access="hasAnyRole('ROLE_ADMIN','ROLE_USER')"/> -->
	    <security:custom-filter before="BASIC_AUTH_FILTER" ref="jWTAuthorizationFilter" />
	    <security:http-basic entry-point-ref="restAuthenticationEntryPoint" />
	    <security:access-denied-handler ref="restAccessDeniedHandler" />
	    <security:csrf disabled="true" />
	</security:http>
    
    <bean id="jWTAuthorizationFilter" class="pe.edu.galaxy.training.ajw.util.JWTAuthorizationFilter" />

    <security:authentication-manager alias="authenticationManager" />

</beans>